model,accuracy,precision_0,precision_1,recall_0,recall_1,f1_0,f1_1
RandomForest,0.95048,0.0,0.95048,0.0,1.0,0.0,0.9746113777121529
LogisticRegression,0.52128,0.05059473948735131,0.9514622569284948,0.4878836833602585,0.5230199478158404,0.09168184578020644,0.6749945687595047
XGBoost,0.67224,0.05512918905090816,0.9530322430450472,0.3481421647819063,0.689125494486996,0.09518551236749116,0.7998729972645565
LightGBM,0.62088,0.05401602078371942,0.9531150869179038,0.40306946688206785,0.6322279269421766,0.09526536846124475,0.7601963364031981
CatBoost,0.71128,0.05279688902183667,0.951676313203014,0.2851373182552504,0.7334820301321437,0.08909641595153962,0.8284532750261432
